feature,bin,n,share,bad_rate,woe,iv,coefficient,points
fico_mid,<= 672,10596,0.1604555022,0.2014911287,-0.5700365406,0.1885134413,-0.738338959,48.2377970531
fico_mid,"(672, 677]",4316,0.0653572997,0.1524559778,-0.232018207,0.1885134413,-0.738338959,55.4389258046
fico_mid,"(677, 687]",8792,0.1331374835,0.1511601456,-0.2216406507,0.1885134413,-0.738338959,55.6600088385
fico_mid,"(687, 692]",4353,0.0659175917,0.1373765219,-0.110312006,0.1885134413,-0.738338959,58.031749732
fico_mid,"(692, 702]",7882,0.11935733,0.1249682822,-0.0010970126,0.1885134413,-0.738338959,60.3584614832
fico_mid,"(702, 712]",6300,0.095401063,0.1141269841,0.101794118,0.1885134413,-0.738338959,62.5504499212
fico_mid,"(712, 722]",5454,0.0825900631,0.0975430876,0.2771267208,0.1885134413,-0.738338959,66.2857285192
fico_mid,"(722, 737]",6286,0.0951890607,0.0919503659,0.3424108324,0.1885134413,-0.738338959,67.6765385612
fico_mid,"(737, 757]",5749,0.0870572558,0.070273091,0.6344964358,0.1885134413,-0.738338959,73.8991183095
fico_mid,> 757,6309,0.0955373503,0.0485021398,1.028017964,0.1885134413,-0.738338959,82.2826848476
log_annual_inc,<= 10.3,7453,0.1128609719,0.1699986583,-0.3615391499,0.083010396,-0.7803097234,52.241785694
log_annual_inc,"(10.3, 10.5]",5786,0.0876175477,0.1664362254,-0.3361795954,0.083010396,-0.7803097234,52.8127555418
log_annual_inc,"(10.5, 10.7]",6821,0.1032905795,0.1537897669,-0.2420707902,0.083010396,-0.7803097234,54.9316133495
log_annual_inc,"(10.7, 10.8]",7384,0.1118161031,0.1351570964,-0.0911746785,0.083010396,-0.7803097234,58.3290361901
log_annual_inc,"(10.8, 11]",5645,0.0854823811,0.1284322409,-0.0325578341,0.083010396,-0.7803097234,59.6487932321
log_annual_inc,"(11, 11.1]",7453,0.1128609719,0.119683349,0.0480858086,0.083010396,-0.7803097234,61.4644831828
log_annual_inc,"(11.1, 11.2]",6616,0.1001862592,0.1101874244,0.1413651782,0.083010396,-0.7803097234,63.5646662666
log_annual_inc,"(11.2, 11.4]",5671,0.0858760998,0.0969846588,0.2835134956,0.083010396,-0.7803097234,66.7651326989
log_annual_inc,"(11.4, 11.6]",6604,0.1000045429,0.0850999394,0.4273197864,0.083010396,-0.7803097234,70.0029283688
log_annual_inc,> 11.6,6604,0.1000045429,0.0770745003,0.5350140282,0.083010396,-0.7803097234,72.4276620019
revol_util,<= 15.6,6636,0.1004891197,0.0780590717,0.5213219884,0.0616370213,-0.4397803393,66.9970841188
revol_util,"(15.6, 29.3]",6570,0.09948968,0.0907153729,0.3573662184,0.0616370213,-0.4397803393,64.9165873299
revol_util,"(29.3, 40.2]",6645,0.100625407,0.1079006772,0.1649433299,0.0616370213,-0.4397803393,62.4748605057
revol_util,"(40.2, 49.1]",6614,0.1001559732,0.1167221046,0.0764718263,0.0616370213,-0.4397803393,61.3522121281
revol_util,"(49.1, 57]",6547,0.0991413904,0.1214296624,0.0316087428,0.0616370213,-0.4397803393,60.78292749
revol_util,"(57, 64.3]",6615,0.1001711162,0.1310657596,-0.055731513,0.0616370213,-0.4397803393,59.6746339445
revol_util,"(64.3, 71.6]",6586,0.0997319684,0.1378682053,-0.1141627268,0.0616370213,-0.4397803393,58.9331781675
revol_util,"(71.6, 79.4]",6635,0.1004739767,0.1466465712,-0.1860872864,0.0616370213,-0.4397803393,58.0205002232
revol_util,"(79.4, 87.6]",6543,0.0990808183,0.1476386978,-0.1939956037,0.0616370213,-0.4397803393,57.9201485931
revol_util,> 87.6,6580,0.0996411103,0.1697568389,-0.3598146688,0.0616370213,-0.4397803393,55.8160077474
revol_util,Missing,66,0.0009994397,0.2272727273,-0.7460684476,0.0616370213,-0.4397803393,50.9146874313
acc_open_past_24mths,<= 1,6637,0.1005042628,0.100949224,0.239093531,0.0494263506,-0.6972325214,65.1918866869
acc_open_past_24mths,"(1, 2]",6091,0.0922361706,0.1141027746,0.1019087384,0.0494263506,-0.6972325214,62.4320197635
acc_open_past_24mths,"(2, 3]",6340,0.0960067841,0.1253943218,-0.0051949052,0.0494263506,-0.6972325214,60.2773217254
acc_open_past_24mths,"(3, 4]",5592,0.0846798007,0.1355507868,-0.0947759334,0.0494263506,-0.6972325214,58.4751415287
acc_open_past_24mths,"(4, 5]",4233,0.0641004285,0.150248051,-0.2149561037,0.0494263506,-0.6972325214,56.0573715208
acc_open_past_24mths,"(5, 7]",5171,0.0783045868,0.1744343454,-0.3928828114,0.0494263506,-0.6972325214,52.4778637205
acc_open_past_24mths,> 7,3381,0.0511985705,0.1928423543,-0.5159035425,0.0494263506,-0.6972325214,50.0029476581
acc_open_past_24mths,Missing,28592,0.4329693959,0.1096810297,0.1468974601,0.0494263506,-0.6972325214,63.3370973785
loan_to_income,<= 0.0622,6614,0.1001559732,0.1008466888,0.2403246598,0.0456111522,-0.6784368832,65.0863197188
loan_to_income,"(0.0622, 0.0909]",6705,0.1015339885,0.1073825503,0.1702875491,0.0456111522,-0.6784368832,63.7153047196
loan_to_income,"(0.0909, 0.117]",6527,0.0988385299,0.104182626,0.2040794842,0.0456111522,-0.6784368832,64.3768004533
loan_to_income,"(0.117, 0.143]",6959,0.1053803171,0.1077741055,0.1662338132,0.0456111522,-0.6784368832,63.6359506069
loan_to_income,"(0.143, 0.169]",6219,0.0941744779,0.1111111111,0.1319464668,0.0456111522,-0.6784368832,62.9647569238
loan_to_income,"(0.169, 0.2]",7377,0.1117101019,0.1210519181,0.0351614661,0.0456111522,-0.6784368832,61.0701372511
loan_to_income,"(0.2, 0.235]",5825,0.0882081257,0.1227467811,0.0192087346,0.0456111522,-0.6784368832,60.7578537512
loan_to_income,"(0.235, 0.278]",6606,0.100034829,0.1406297305,-0.1372427253,0.0456111522,-0.6784368832,57.6952302898
loan_to_income,"(0.278, 0.339]",6601,0.0999591138,0.1548250265,-0.2500136344,0.0456111522,-0.6784368832,55.487677659
loan_to_income,> 0.339,6604,0.1000045429,0.178225318,-0.4187771163,0.0456111522,-0.6784368832,52.1840395908
bc_util,<= 22.9,3707,0.0561351969,0.0887510116,0.3808005177,0.0453635754,-0.0140595669,60.5363128162
bc_util,"(22.9, 40.7]",3710,0.056180626,0.109703504,0.1458866275,0.0453635754,-0.0140595669,60.4410145119
bc_util,"(40.7, 53.5]",3685,0.0558020504,0.121302578,0.0323787696,0.0453635754,-0.0140595669,60.3949673991
bc_util,"(53.5, 63.7]",3713,0.0562260551,0.1360086184,-0.0987994526,0.0453635754,-0.0140595669,60.3417518906
bc_util,"(63.7, 72.1]",3688,0.0558474794,0.123373102,0.0131144729,0.0453635754,-0.0140595669,60.3871523874
bc_util,"(72.1, 79.7]",3747,0.056740918,0.1326394449,-0.0698416783,0.0453635754,-0.0140595669,60.3534992878
bc_util,"(79.7, 86.2]",3655,0.0553477596,0.1354309166,-0.0938920632,0.0453635754,-0.0140595669,60.3437426877
bc_util,"(86.2, 91.8]",3697,0.0559837667,0.1487692724,-0.2032734216,0.0453635754,-0.0140595669,60.2993695858
bc_util,"(91.8, 96.5]",3747,0.056740918,0.1668001068,-0.3389723192,0.0453635754,-0.0140595669,60.2443201597
bc_util,> 96.5,3648,0.0552417584,0.1943530702,-0.5253759501,0.0453635754,-0.0140595669,60.1687011747
bc_util,Missing,29040,0.4397534715,0.111053719,0.1330768784,0.0453635754,-0.0140595669,60.4358179381
purpose,car,1508,0.022835683,0.0888594164,0.3774189164,0.0421194651,-0.9869598107,71.1298324113
purpose,credit_card,12353,0.1870617987,0.1018376103,0.229756893,0.0421194651,-0.9869598107,66.9247663939
purpose,debt_consolidation,34754,0.5262807214,0.1318121655,-0.0619245918,0.0421194651,-0.9869598107,58.6183659319
purpose,home_improvement,3939,0.0596483789,0.1005331302,0.2433319851,0.0421194651,-0.9869598107,67.311352985
purpose,major_purchase,2566,0.0388570044,0.0845674201,0.4328967759,0.0421194651,-0.9869598107,72.7097109479
purpose,medical,999,0.0151278829,0.1471471471,-0.1925171587,0.0421194651,-0.9869598107,54.8993977606
purpose,moving,779,0.0117964172,0.1578947368,-0.2761806545,0.0421194651,-0.9869598107,52.5168588079
purpose,other,6033,0.0913578751,0.1456986574,-0.1785903578,0.0421194651,-0.9869598107,55.2960001921
purpose,small_business,1897,0.0287263201,0.2061149183,-0.599303349,0.0421194651,-0.9869598107,43.3150868791
purpose,wedding,1209,0.0183079183,0.0976013234,0.2735330233,0.0421194651,-0.9869598107,68.1714072944
inq_last_6mths,<= 0,33634,0.5093205324,0.1074507938,0.1697529157,0.0343254172,-0.9722957,65.144169391
inq_last_6mths,"(0, 1]",18176,0.2752396384,0.130996919,-0.0551794844,0.0343254172,-0.9722957,58.8337980434
inq_last_6mths,"(1, 2]",9117,0.1380589669,0.1497203027,-0.2106793224,0.0343254172,-0.9722957,54.4713241535
inq_last_6mths,> 2,5110,0.0773808622,0.1729941292,-0.3830670397,0.0343254172,-0.9722957,49.6350688544
home_ownership,MORTGAGE,28547,0.4322879598,0.1070164991,0.1742670134,0.0210174207,-0.2511408512,61.6446394987
home_ownership,Rare levels,77,0.001166013,0.1948051948,-0.5528474996,0.0210174207,-0.2511408512,56.3756818264
home_ownership,OWN,5342,0.0808940442,0.1351553725,-0.0916332491,0.0210174207,-0.2511408512,59.7178216408
home_ownership,RENT,32071,0.485651983,0.1388169998,-0.1221177236,0.0210174207,-0.2511408512,59.4969191515
