vintage,mob,n_loans,cum_defaults,cum_default_rate
2010-01-01,0,1953,7.0,0.0035842294
2010-01-01,1,1953,9.0,0.0046082949
2010-01-01,2,1953,14.0,0.0071684588
2010-01-01,3,1953,18.0,0.0092165899
2010-01-01,4,1953,24.0,0.0122887865
2010-01-01,5,1953,35.0,0.017921147
2010-01-01,6,1953,40.0,0.0204813108
2010-01-01,7,1953,52.0,0.026625704
2010-01-01,8,1953,56.0,0.0286738351
2010-01-01,9,1953,66.0,0.0337941628
2010-01-01,10,1953,74.0,0.037890425
2010-01-01,11,1953,82.0,0.0419866871
2010-01-01,12,1953,85.0,0.0435227855
2010-01-01,13,1953,91.0,0.0465949821
2010-01-01,14,1953,95.0,0.0486431132
2010-01-01,15,1953,101.0,0.0517153098
2010-01-01,16,1953,106.0,0.0542754736
2010-01-01,17,1953,110.0,0.0563236047
2010-01-01,18,1953,118.0,0.0604198669
2010-01-01,19,1953,122.0,0.062467998
2010-01-01,20,1953,128.0,0.0655401946
2010-01-01,21,1953,135.0,0.069124424
2010-01-01,22,1953,141.0,0.0721966206
2010-01-01,23,1953,150.0,0.0768049155
2010-01-01,24,1953,155.0,0.0793650794
2010-01-01,25,1953,161.0,0.082437276
2010-01-01,26,1953,167.0,0.0855094726
2010-01-01,27,1953,168.0,0.0860215054
2010-01-01,28,1953,173.0,0.0885816692
2010-01-01,29,1953,177.0,0.0906298003
2010-01-01,30,1953,182.0,0.0931899642
2010-01-01,31,1953,186.0,0.0952380952
2010-01-01,32,1953,190.0,0.0972862263
2010-01-01,33,1953,193.0,0.0988223246
2010-01-01,34,1953,199.0,0.1018945212
2010-01-01,35,1953,200.0,0.102406554
2010-01-01,36,1953,203.0,0.1039426523
2010-01-01,37,1953,204.0,0.1044546851
2010-01-01,38,1953,205.0,0.1049667179
2010-01-01,39,1953,205.0,0.1049667179
2010-01-01,40,1953,206.0,0.1054787506
2010-01-01,41,1953,206.0,0.1054787506
2010-01-01,42,1953,206.0,0.1054787506
2010-01-01,43,1953,206.0,0.1054787506
2010-01-01,44,1953,207.0,0.1059907834
2010-01-01,45,1953,207.0,0.1059907834
2010-01-01,46,1953,207.0,0.1059907834
2010-01-01,47,1953,207.0,0.1059907834
2010-01-01,48,1953,207.0,0.1059907834
2010-01-01,49,1953,207.0,0.1059907834
2010-01-01,50,1953,207.0,0.1059907834
2010-01-01,51,1953,208.0,0.1065028162
2010-01-01,52,1953,208.0,0.1065028162
2010-01-01,53,1953,208.0,0.1065028162
2010-01-01,54,1953,208.0,0.1065028162
2010-01-01,55,1953,208.0,0.1065028162
2010-01-01,56,1953,208.0,0.1065028162
2010-01-01,57,1953,208.0,0.1065028162
2010-01-01,58,1953,208.0,0.1065028162
2010-01-01,59,1953,208.0,0.1065028162
2010-01-01,60,1953,208.0,0.1065028162
2010-04-01,0,2184,3.0,0.0013736264
2010-04-01,1,2184,4.0,0.0018315018
2010-04-01,2,2184,9.0,0.0041208791
2010-04-01,3,2184,15.0,0.0068681319
2010-04-01,4,2184,21.0,0.0096153846
2010-04-01,5,2184,29.0,0.0132783883
2010-04-01,6,2184,37.0,0.0169413919
2010-04-01,7,2184,47.0,0.0215201465
2010-04-01,8,2184,56.0,0.0256410256
2010-04-01,9,2184,65.0,0.0297619048
2010-04-01,10,2184,73.0,0.0334249084
2010-04-01,11,2184,84.0,0.0384615385
2010-04-01,12,2184,93.0,0.0425824176
2010-04-01,13,2184,100.0,0.0457875458
2010-04-01,14,2184,106.0,0.0485347985
2010-04-01,15,2184,114.0,0.0521978022
2010-04-01,16,2184,122.0,0.0558608059
2010-04-01,17,2184,126.0,0.0576923077
2010-04-01,18,2184,132.0,0.0604395604
2010-04-01,19,2184,138.0,0.0631868132
2010-04-01,20,2184,145.0,0.0663919414
2010-04-01,21,2184,154.0,0.0705128205
2010-04-01,22,2184,163.0,0.0746336996
2010-04-01,23,2184,167.0,0.0764652015
2010-04-01,24,2184,171.0,0.0782967033
2010-04-01,25,2184,172.0,0.0787545788
2010-04-01,26,2184,182.0,0.0833333333
2010-04-01,27,2184,189.0,0.0865384615
2010-04-01,28,2184,195.0,0.0892857143
2010-04-01,29,2184,202.0,0.0924908425
2010-04-01,30,2184,212.0,0.0970695971
2010-04-01,31,2184,216.0,0.0989010989
2010-04-01,32,2184,220.0,0.1007326007
2010-04-01,33,2184,224.0,0.1025641026
2010-04-01,34,2184,225.0,0.103021978
2010-04-01,35,2184,230.0,0.1053113553
2010-04-01,36,2184,231.0,0.1057692308
2010-04-01,37,2184,232.0,0.1062271062
2010-04-01,38,2184,233.0,0.1066849817
2010-04-01,39,2184,233.0,0.1066849817
2010-04-01,40,2184,233.0,0.1066849817
2010-04-01,41,2184,234.0,0.1071428571
2010-04-01,42,2184,236.0,0.1080586081
2010-04-01,43,2184,236.0,0.1080586081
2010-04-01,44,2184,236.0,0.1080586081
2010-04-01,45,2184,236.0,0.1080586081
2010-04-01,46,2184,236.0,0.1080586081
2010-04-01,47,2184,236.0,0.1080586081
2010-04-01,48,2184,236.0,0.1080586081
2010-04-01,49,2184,236.0,0.1080586081
2010-04-01,50,2184,236.0,0.1080586081
2010-04-01,51,2184,236.0,0.1080586081
2010-04-01,52,2184,236.0,0.1080586081
2010-04-01,53,2184,236.0,0.1080586081
2010-04-01,54,2184,236.0,0.1080586081
2010-04-01,55,2184,236.0,0.1080586081
2010-04-01,56,2184,236.0,0.1080586081
2010-04-01,57,2184,236.0,0.1080586081
2010-04-01,58,2184,236.0,0.1080586081
2010-04-01,59,2184,236.0,0.1080586081
2010-04-01,60,2184,236.0,0.1080586081
2010-07-01,0,2086,3.0,0.0014381592
2010-07-01,1,2086,4.0,0.0019175455
2010-07-01,2,2086,8.0,0.0038350911
2010-07-01,3,2086,14.0,0.0067114094
2010-07-01,4,2086,19.0,0.0091083413
2010-07-01,5,2086,24.0,0.0115052733
2010-07-01,6,2086,28.0,0.0134228188
2010-07-01,7,2086,35.0,0.0167785235
2010-07-01,8,2086,43.0,0.0206136146
2010-07-01,9,2086,47.0,0.0225311601
2010-07-01,10,2086,57.0,0.027325024
2010-07-01,11,2086,62.0,0.0297219559
2010-07-01,12,2086,73.0,0.0349952061
2010-07-01,13,2086,81.0,0.0388302972
2010-07-01,14,2086,89.0,0.0426653883
2010-07-01,15,2086,93.0,0.0445829338
2010-07-01,16,2086,105.0,0.0503355705
2010-07-01,17,2086,112.0,0.0536912752
2010-07-01,18,2086,114.0,0.0546500479
2010-07-01,19,2086,118.0,0.0565675935
2010-07-01,20,2086,120.0,0.0575263663
2010-07-01,21,2086,128.0,0.0613614573
2010-07-01,22,2086,136.0,0.0651965484
2010-07-01,23,2086,139.0,0.0666347076
2010-07-01,24,2086,143.0,0.0685522531
2010-07-01,25,2086,148.0,0.070949185
2010-07-01,26,2086,153.0,0.073346117
2010-07-01,27,2086,158.0,0.0757430489
2010-07-01,28,2086,167.0,0.0800575264
2010-07-01,29,2086,172.0,0.0824544583
2010-07-01,30,2086,175.0,0.0838926174
2010-07-01,31,2086,181.0,0.0867689358
2010-07-01,32,2086,184.0,0.0882070949
2010-07-01,33,2086,187.0,0.0896452541
2010-07-01,34,2086,189.0,0.0906040268
2010-07-01,35,2086,194.0,0.0930009588
2010-07-01,36,2086,196.0,0.0939597315
2010-07-01,37,2086,196.0,0.0939597315
2010-07-01,38,2086,196.0,0.0939597315
2010-07-01,39,2086,196.0,0.0939597315
2010-07-01,40,2086,196.0,0.0939597315
2010-07-01,41,2086,196.0,0.0939597315
2010-07-01,42,2086,196.0,0.0939597315
2010-07-01,43,2086,196.0,0.0939597315
2010-07-01,44,2086,196.0,0.0939597315
2010-07-01,45,2086,196.0,0.0939597315
2010-07-01,46,2086,196.0,0.0939597315
2010-07-01,47,2086,196.0,0.0939597315
2010-07-01,48,2086,196.0,0.0939597315
2010-07-01,49,2086,196.0,0.0939597315
2010-07-01,50,2086,196.0,0.0939597315
2010-07-01,51,2086,196.0,0.0939597315
2010-07-01,52,2086,196.0,0.0939597315
2010-07-01,53,2086,196.0,0.0939597315
2010-07-01,54,2086,196.0,0.0939597315
2010-07-01,55,2086,196.0,0.0939597315
2010-07-01,56,2086,196.0,0.0939597315
2010-07-01,57,2086,196.0,0.0939597315
2010-07-01,58,2086,196.0,0.0939597315
2010-07-01,59,2086,196.0,0.0939597315
2010-07-01,60,2086,196.0,0.0939597315
2010-10-01,0,2243,3.0,0.0013374944
2010-10-01,1,2243,4.0,0.0017833259
2010-10-01,2,2243,7.0,0.0031208203
2010-10-01,3,2243,10.0,0.0044583148
2010-10-01,4,2243,15.0,0.0066874721
2010-10-01,5,2243,24.0,0.0106999554
2010-10-01,6,2243,32.0,0.0142666072
2010-10-01,7,2243,38.0,0.0169415961
2010-10-01,8,2243,46.0,0.0205082479
2010-10-01,9,2243,52.0,0.0231832367
2010-10-01,10,2243,59.0,0.0263040571
2010-10-01,11,2243,66.0,0.0294248774
2010-10-01,12,2243,76.0,0.0338831922
2010-10-01,13,2243,80.0,0.0356665181
2010-10-01,14,2243,88.0,0.0392331699
2010-10-01,15,2243,94.0,0.0419081587
2010-10-01,16,2243,105.0,0.0468123049
2010-10-01,17,2243,111.0,0.0494872938
2010-10-01,18,2243,117.0,0.0521622827
2010-10-01,19,2243,124.0,0.055283103
2010-10-01,20,2243,130.0,0.0579580918
2010-10-01,21,2243,135.0,0.0601872492
2010-10-01,22,2243,140.0,0.0624164066
2010-10-01,23,2243,145.0,0.064645564
2010-10-01,24,2243,148.0,0.0659830584
2010-10-01,25,2243,154.0,0.0686580473
2010-10-01,26,2243,158.0,0.0704413732
2010-10-01,27,2243,164.0,0.073116362
2010-10-01,28,2243,170.0,0.0757913509
2010-10-01,29,2243,173.0,0.0771288453
2010-10-01,30,2243,179.0,0.0798038342
2010-10-01,31,2243,186.0,0.0829246545
2010-10-01,32,2243,186.0,0.0829246545
2010-10-01,33,2243,189.0,0.0842621489
2010-10-01,34,2243,192.0,0.0855996433
2010-10-01,35,2243,196.0,0.0873829692
2010-10-01,36,2243,198.0,0.0882746322
2010-10-01,37,2243,199.0,0.0887204637
2010-10-01,38,2243,199.0,0.0887204637
2010-10-01,39,2243,199.0,0.0887204637
2010-10-01,40,2243,199.0,0.0887204637
2010-10-01,41,2243,200.0,0.0891662951
2010-10-01,42,2243,200.0,0.0891662951
2010-10-01,43,2243,200.0,0.0891662951
2010-10-01,44,2243,200.0,0.0891662951
2010-10-01,45,2243,201.0,0.0896121266
2010-10-01,46,2243,201.0,0.0896121266
2010-10-01,47,2243,202.0,0.0900579581
2010-10-01,48,2243,202.0,0.0900579581
2010-10-01,49,2243,202.0,0.0900579581
2010-10-01,50,2243,202.0,0.0900579581
2010-10-01,51,2243,202.0,0.0900579581
2010-10-01,52,2243,202.0,0.0900579581
2010-10-01,53,2243,202.0,0.0900579581
2010-10-01,54,2243,202.0,0.0900579581
2010-10-01,55,2243,202.0,0.0900579581
2010-10-01,56,2243,202.0,0.0900579581
2010-10-01,57,2243,202.0,0.0900579581
2010-10-01,58,2243,202.0,0.0900579581
2010-10-01,59,2243,202.0,0.0900579581
2010-10-01,60,2243,202.0,0.0900579581
2011-01-01,0,2617,3.0,0.0011463508
2011-01-01,1,2617,5.0,0.0019105846
2011-01-01,2,2617,8.0,0.0030569354
2011-01-01,3,2617,16.0,0.0061138708
2011-01-01,4,2617,23.0,0.0087886893
2011-01-01,5,2617,30.0,0.0114635078
2011-01-01,6,2617,43.0,0.0164310279
2011-01-01,7,2617,52.0,0.0198700802
2011-01-01,8,2617,60.0,0.0229270157
2011-01-01,9,2617,69.0,0.026366068
2011-01-01,10,2617,77.0,0.0294230034
2011-01-01,11,2617,84.0,0.0320978219
2011-01-01,12,2617,89.0,0.0340084066
2011-01-01,13,2617,96.0,0.0366832251
2011-01-01,14,2617,103.0,0.0393580436
2011-01-01,15,2617,116.0,0.0443255636
2011-01-01,16,2617,119.0,0.0454719144
2011-01-01,17,2617,129.0,0.0492930837
2011-01-01,18,2617,139.0,0.053114253
2011-01-01,19,2617,144.0,0.0550248376
2011-01-01,20,2617,158.0,0.0603744746
2011-01-01,21,2617,158.0,0.0603744746
2011-01-01,22,2617,161.0,0.0615208254
2011-01-01,23,2617,166.0,0.06343141
2011-01-01,24,2617,176.0,0.0672525793
2011-01-01,25,2617,181.0,0.0691631639
2011-01-01,26,2617,191.0,0.0729843332
2011-01-01,27,2617,196.0,0.0748949178
2011-01-01,28,2617,199.0,0.0760412686
2011-01-01,29,2617,206.0,0.0787160871
2011-01-01,30,2617,211.0,0.0806266718
2011-01-01,31,2617,215.0,0.0821551395
2011-01-01,32,2617,222.0,0.084829958
2011-01-01,33,2617,228.0,0.0871226595
2011-01-01,34,2617,233.0,0.0890332442
2011-01-01,35,2617,234.0,0.0894153611
2011-01-01,36,2617,238.0,0.0909438288
2011-01-01,37,2617,238.0,0.0909438288
2011-01-01,38,2617,238.0,0.0909438288
2011-01-01,39,2617,238.0,0.0909438288
2011-01-01,40,2617,238.0,0.0909438288
2011-01-01,41,2617,238.0,0.0909438288
2011-01-01,42,2617,238.0,0.0909438288
2011-01-01,43,2617,238.0,0.0909438288
2011-01-01,44,2617,238.0,0.0909438288
2011-01-01,45,2617,238.0,0.0909438288
2011-01-01,46,2617,238.0,0.0909438288
2011-01-01,47,2617,238.0,0.0909438288
2011-01-01,48,2617,238.0,0.0909438288
2011-01-01,49,2617,238.0,0.0909438288
2011-01-01,50,2617,238.0,0.0909438288
2011-01-01,51,2617,238.0,0.0909438288
2011-01-01,52,2617,238.0,0.0909438288
2011-01-01,53,2617,238.0,0.0909438288
2011-01-01,54,2617,238.0,0.0909438288
2011-01-01,55,2617,238.0,0.0909438288
2011-01-01,56,2617,238.0,0.0909438288
2011-01-01,57,2617,238.0,0.0909438288
2011-01-01,58,2617,238.0,0.0909438288
2011-01-01,59,2617,238.0,0.0909438288
2011-01-01,60,2617,238.0,0.0909438288
2011-04-01,0,3163,9.0,0.0028453999
2011-04-01,1,3163,10.0,0.0031615555
2011-04-01,2,3163,20.0,0.006323111
2011-04-01,3,3163,29.0,0.0091685109
2011-04-01,4,3163,39.0,0.0123300664
2011-04-01,5,3163,46.0,0.0145431552
2011-04-01,6,3163,56.0,0.0177047107
2011-04-01,7,3163,64.0,0.0202339551
2011-04-01,8,3163,75.0,0.0237116661
2011-04-01,9,3163,85.0,0.0268732216
2011-04-01,10,3163,99.0,0.0312993993
2011-04-01,11,3163,108.0,0.0341447992
2011-04-01,12,3163,125.0,0.0395194436
2011-04-01,13,3163,140.0,0.0442617768
2011-04-01,14,3163,152.0,0.0480556434
2011-04-01,15,3163,166.0,0.0524818211
2011-04-01,16,3163,183.0,0.0578564654
2011-04-01,17,3163,192.0,0.0607018653
2011-04-01,18,3163,201.0,0.0635472653
2011-04-01,19,3163,213.0,0.0673411318
2011-04-01,20,3163,226.0,0.071451154
2011-04-01,21,3163,232.0,0.0733480873
2011-04-01,22,3163,242.0,0.0765096427
2011-04-01,23,3163,253.0,0.0799873538
2011-04-01,24,3163,261.0,0.0825165982
2011-04-01,25,3163,269.0,0.0850458426
2011-04-01,26,3163,276.0,0.0872589314
2011-04-01,27,3163,283.0,0.0894720202
2011-04-01,28,3163,290.0,0.0916851091
2011-04-01,29,3163,300.0,0.0948466646
2011-04-01,30,3163,307.0,0.0970597534
2011-04-01,31,3163,314.0,0.0992728422
2011-04-01,32,3163,318.0,0.1005374644
2011-04-01,33,3163,323.0,0.1021182422
2011-04-01,34,3163,325.0,0.1027505533
2011-04-01,35,3163,330.0,0.104331331
2011-04-01,36,3163,333.0,0.1052797977
2011-04-01,37,3163,333.0,0.1052797977
2011-04-01,38,3163,333.0,0.1052797977
2011-04-01,39,3163,333.0,0.1052797977
2011-04-01,40,3163,333.0,0.1052797977
2011-04-01,41,3163,333.0,0.1052797977
2011-04-01,42,3163,333.0,0.1052797977
2011-04-01,43,3163,333.0,0.1052797977
2011-04-01,44,3163,333.0,0.1052797977
2011-04-01,45,3163,333.0,0.1052797977
2011-04-01,46,3163,333.0,0.1052797977
2011-04-01,47,3163,333.0,0.1052797977
2011-04-01,48,3163,333.0,0.1052797977
2011-04-01,49,3163,333.0,0.1052797977
2011-04-01,50,3163,333.0,0.1052797977
2011-04-01,51,3163,333.0,0.1052797977
2011-04-01,52,3163,333.0,0.1052797977
2011-04-01,53,3163,333.0,0.1052797977
2011-04-01,54,3163,333.0,0.1052797977
2011-04-01,55,3163,333.0,0.1052797977
2011-04-01,56,3163,333.0,0.1052797977
2011-04-01,57,3163,333.0,0.1052797977
2011-04-01,58,3163,333.0,0.1052797977
2011-04-01,59,3163,333.0,0.1052797977
2011-04-01,60,3163,333.0,0.1052797977
2011-07-01,0,3951,6.0,0.0015186029
2011-07-01,1,3951,10.0,0.0025310048
2011-07-01,2,3951,20.0,0.0050620096
2011-07-01,3,3951,28.0,0.0070868135
2011-07-01,4,3951,39.0,0.0098709188
2011-07-01,5,3951,55.0,0.0139205264
2011-07-01,6,3951,67.0,0.0169577322
2011-07-01,7,3951,85.0,0.0215135409
2011-07-01,8,3951,100.0,0.0253100481
2011-07-01,9,3951,110.0,0.0278410529
2011-07-01,10,3951,129.0,0.032649962
2011-07-01,11,3951,143.0,0.0361933688
2011-07-01,12,3951,162.0,0.0410022779
2011-07-01,13,3951,173.0,0.0437863832
2011-07-01,14,3951,190.0,0.0480890914
2011-07-01,15,3951,206.0,0.0521386991
2011-07-01,16,3951,214.0,0.0541635029
2011-07-01,17,3951,225.0,0.0569476082
2011-07-01,18,3951,235.0,0.059478613
2011-07-01,19,3951,245.0,0.0620096178
2011-07-01,20,3951,256.0,0.0647937231
2011-07-01,21,3951,272.0,0.0688433308
2011-07-01,22,3951,289.0,0.073146039
2011-07-01,23,3951,297.0,0.0751708428
2011-07-01,24,3951,317.0,0.0802328524
2011-07-01,25,3951,333.0,0.0842824601
2011-07-01,26,3951,348.0,0.0880789674
2011-07-01,27,3951,364.0,0.092128575
2011-07-01,28,3951,373.0,0.0944064794
2011-07-01,29,3951,384.0,0.0971905847
2011-07-01,30,3951,389.0,0.0984560871
2011-07-01,31,3951,396.0,0.1002277904
2011-07-01,32,3951,402.0,0.1017463933
2011-07-01,33,3951,408.0,0.1032649962
2011-07-01,34,3951,412.0,0.1042773981
2011-07-01,35,3951,417.0,0.1055429005
2011-07-01,36,3951,418.0,0.105796001
2011-07-01,37,3951,418.0,0.105796001
2011-07-01,38,3951,418.0,0.105796001
2011-07-01,39,3951,418.0,0.105796001
2011-07-01,40,3951,418.0,0.105796001
2011-07-01,41,3951,418.0,0.105796001
2011-07-01,42,3951,418.0,0.105796001
2011-07-01,43,3951,419.0,0.1060491015
2011-07-01,44,3951,419.0,0.1060491015
2011-07-01,45,3951,419.0,0.1060491015
2011-07-01,46,3951,419.0,0.1060491015
2011-07-01,47,3951,419.0,0.1060491015
2011-07-01,48,3951,419.0,0.1060491015
2011-07-01,49,3951,419.0,0.1060491015
2011-07-01,50,3951,419.0,0.1060491015
2011-07-01,51,3951,419.0,0.1060491015
2011-07-01,52,3951,419.0,0.1060491015
2011-07-01,53,3951,419.0,0.1060491015
2011-07-01,54,3951,419.0,0.1060491015
2011-07-01,55,3951,419.0,0.1060491015
2011-07-01,56,3951,419.0,0.1060491015
2011-07-01,57,3951,419.0,0.1060491015
2011-07-01,58,3951,419.0,0.1060491015
2011-07-01,59,3951,419.0,0.1060491015
2011-07-01,60,3951,419.0,0.1060491015
2011-10-01,0,4370,6.0,0.0013729977
2011-10-01,1,4370,9.0,0.0020594966
2011-10-01,2,4370,17.0,0.0038901602
2011-10-01,3,4370,27.0,0.0061784897
2011-10-01,4,4370,41.0,0.009382151
2011-10-01,5,4370,60.0,0.0137299771
2011-10-01,6,4370,78.0,0.0178489703
2011-10-01,7,4370,97.0,0.0221967963
2011-10-01,8,4370,120.0,0.0274599542
2011-10-01,9,4370,140.0,0.0320366133
2011-10-01,10,4370,159.0,0.0363844394
2011-10-01,11,4370,176.0,0.0402745995
2011-10-01,12,4370,192.0,0.0439359268
2011-10-01,13,4370,206.0,0.0471395881
2011-10-01,14,4370,224.0,0.0512585812
2011-10-01,15,4370,239.0,0.0546910755
2011-10-01,16,4370,253.0,0.0578947368
2011-10-01,17,4370,272.0,0.0622425629
2011-10-01,18,4370,289.0,0.0661327231
2011-10-01,19,4370,306.0,0.0700228833
2011-10-01,20,4370,321.0,0.0734553776
2011-10-01,21,4370,336.0,0.0768878719
2011-10-01,22,4370,356.0,0.0814645309
2011-10-01,23,4370,375.0,0.085812357
2011-10-01,24,4370,391.0,0.0894736842
2011-10-01,25,4370,409.0,0.0935926773
2011-10-01,26,4370,423.0,0.0967963387
2011-10-01,27,4370,438.0,0.100228833
2011-10-01,28,4370,451.0,0.1032036613
2011-10-01,29,4370,465.0,0.1064073227
2011-10-01,30,4370,471.0,0.1077803204
2011-10-01,31,4370,480.0,0.1098398169
2011-10-01,32,4370,485.0,0.1109839817
2011-10-01,33,4370,492.0,0.1125858124
2011-10-01,34,4370,498.0,0.1139588101
2011-10-01,35,4370,501.0,0.1146453089
2011-10-01,36,4370,505.0,0.1155606407
2011-10-01,37,4370,506.0,0.1157894737
2011-10-01,38,4370,507.0,0.1160183066
2011-10-01,39,4370,507.0,0.1160183066
2011-10-01,40,4370,507.0,0.1160183066
2011-10-01,41,4370,508.0,0.1162471396
2011-10-01,42,4370,508.0,0.1162471396
2011-10-01,43,4370,509.0,0.1164759725
2011-10-01,44,4370,509.0,0.1164759725
2011-10-01,45,4370,509.0,0.1164759725
2011-10-01,46,4370,509.0,0.1164759725
2011-10-01,47,4370,509.0,0.1164759725
2011-10-01,48,4370,509.0,0.1164759725
2011-10-01,49,4370,509.0,0.1164759725
2011-10-01,50,4370,509.0,0.1164759725
2011-10-01,51,4370,509.0,0.1164759725
2011-10-01,52,4370,509.0,0.1164759725
2011-10-01,53,4370,509.0,0.1164759725
2011-10-01,54,4370,509.0,0.1164759725
2011-10-01,55,4370,509.0,0.1164759725
2011-10-01,56,4370,509.0,0.1164759725
2011-10-01,57,4370,509.0,0.1164759725
2011-10-01,58,4370,509.0,0.1164759725
2011-10-01,59,4370,509.0,0.1164759725
2011-10-01,60,4370,509.0,0.1164759725
2012-01-01,0,6498,13.0,0.0020006156
2012-01-01,1,6498,24.0,0.0036934441
2012-01-01,2,6498,40.0,0.0061557402
2012-01-01,3,6498,56.0,0.0086180363
2012-01-01,4,6498,77.0,0.0118497999
2012-01-01,5,6498,105.0,0.0161588181
2012-01-01,6,6498,123.0,0.0189289012
2012-01-01,7,6498,164.0,0.0252385349
2012-01-01,8,6498,204.0,0.0313942752
2012-01-01,9,6498,242.0,0.0372422284
2012-01-01,10,6498,266.0,0.0409356725
2012-01-01,11,6498,297.0,0.0457063712
2012-01-01,12,6498,327.0,0.0503231764
2012-01-01,13,6498,355.0,0.0546321945
2012-01-01,14,6498,379.0,0.0583256387
2012-01-01,15,6498,395.0,0.0607879347
2012-01-01,16,6498,429.0,0.0660203139
2012-01-01,17,6498,460.0,0.0707910126
2012-01-01,18,6498,493.0,0.0758694983
2012-01-01,19,6498,532.0,0.081871345
2012-01-01,20,6498,564.0,0.0867959372
2012-01-01,21,6498,586.0,0.0901815943
2012-01-01,22,6498,616.0,0.0947983995
2012-01-01,23,6498,639.0,0.0983379501
2012-01-01,24,6498,662.0,0.1018775008
2012-01-01,25,6498,683.0,0.1051092644
2012-01-01,26,6498,693.0,0.1066481994
2012-01-01,27,6498,711.0,0.1094182825
2012-01-01,28,6498,737.0,0.1134195137
2012-01-01,29,6498,762.0,0.1172668513
2012-01-01,30,6498,780.0,0.1200369344
2012-01-01,31,6498,797.0,0.122653124
2012-01-01,32,6498,813.0,0.1251154201
2012-01-01,33,6498,825.0,0.1269621422
2012-01-01,34,6498,843.0,0.1297322253
2012-01-01,35,6498,850.0,0.1308094798
2012-01-01,36,6498,852.0,0.1311172669
2012-01-01,37,6498,856.0,0.1317328409
2012-01-01,38,6498,858.0,0.1320406279
2012-01-01,39,6498,858.0,0.1320406279
2012-01-01,40,6498,858.0,0.1320406279
2012-01-01,41,6498,858.0,0.1320406279
2012-01-01,42,6498,858.0,0.1320406279
2012-01-01,43,6498,858.0,0.1320406279
2012-01-01,44,6498,858.0,0.1320406279
2012-01-01,45,6498,858.0,0.1320406279
2012-01-01,46,6498,858.0,0.1320406279
2012-01-01,47,6498,858.0,0.1320406279
2012-01-01,48,6498,858.0,0.1320406279
2012-01-01,49,6498,858.0,0.1320406279
2012-01-01,50,6498,858.0,0.1320406279
2012-01-01,51,6498,858.0,0.1320406279
2012-01-01,52,6498,858.0,0.1320406279
2012-01-01,53,6498,858.0,0.1320406279
2012-01-01,54,6498,858.0,0.1320406279
2012-01-01,55,6498,858.0,0.1320406279
2012-01-01,56,6498,858.0,0.1320406279
2012-01-01,57,6498,858.0,0.1320406279
2012-01-01,58,6498,858.0,0.1320406279
2012-01-01,59,6498,858.0,0.1320406279
2012-01-01,60,6498,858.0,0.1320406279
2012-04-01,0,8469,5.0,0.0005903885
2012-04-01,1,8469,12.0,0.0014169323
2012-04-01,2,8469,39.0,0.0046050301
2012-04-01,3,8469,68.0,0.0080292833
2012-04-01,4,8469,113.0,0.0133427795
2012-04-01,5,8469,145.0,0.0171212658
2012-04-01,6,8469,178.0,0.0210178297
2012-04-01,7,8469,216.0,0.0255047821
2012-04-01,8,8469,260.0,0.0307002007
2012-04-01,9,8469,304.0,0.0358956193
2012-04-01,10,8469,344.0,0.0406187271
2012-04-01,11,8469,394.0,0.0465226119
2012-04-01,12,8469,444.0,0.0524264966
2012-04-01,13,8469,489.0,0.0577399929
2012-04-01,14,8469,542.0,0.0639981108
2012-04-01,15,8469,583.0,0.0688392963
2012-04-01,16,8469,630.0,0.0743889479
2012-04-01,17,8469,674.0,0.0795843665
2012-04-01,18,8469,717.0,0.0846617074
2012-04-01,19,8469,755.0,0.0891486598
2012-04-01,20,8469,791.0,0.0933994568
2012-04-01,21,8469,822.0,0.0970598654
2012-04-01,22,8469,856.0,0.101074507
2012-04-01,23,8469,892.0,0.1053253041
2012-04-01,24,8469,925.0,0.109221868
2012-04-01,25,8469,954.0,0.1126461211
2012-04-01,26,8469,983.0,0.1160703743
2012-04-01,27,8469,1020.0,0.120439249
2012-04-01,28,8469,1054.0,0.1244538907
2012-04-01,29,8469,1077.0,0.1271696776
2012-04-01,30,8469,1108.0,0.1308300862
2012-04-01,31,8469,1125.0,0.132837407
2012-04-01,32,8469,1143.0,0.1349628055
2012-04-01,33,8469,1166.0,0.1376785925
2012-04-01,34,8469,1181.0,0.1394497579
2012-04-01,35,8469,1192.0,0.1407486126
2012-04-01,36,8469,1197.0,0.1413390011
2012-04-01,37,8469,1200.0,0.1416932341
2012-04-01,38,8469,1204.0,0.1421655449
2012-04-01,39,8469,1204.0,0.1421655449
2012-04-01,40,8469,1204.0,0.1421655449
2012-04-01,41,8469,1205.0,0.1422836226
2012-04-01,42,8469,1205.0,0.1422836226
2012-04-01,43,8469,1205.0,0.1422836226
2012-04-01,44,8469,1205.0,0.1422836226
2012-04-01,45,8469,1205.0,0.1422836226
2012-04-01,46,8469,1205.0,0.1422836226
2012-04-01,47,8469,1205.0,0.1422836226
2012-04-01,48,8469,1205.0,0.1422836226
2012-04-01,49,8469,1205.0,0.1422836226
2012-04-01,50,8469,1205.0,0.1422836226
2012-04-01,51,8469,1205.0,0.1422836226
2012-04-01,52,8469,1205.0,0.1422836226
2012-04-01,53,8469,1205.0,0.1422836226
2012-04-01,54,8469,1205.0,0.1422836226
2012-04-01,55,8469,1205.0,0.1422836226
2012-04-01,56,8469,1205.0,0.1422836226
2012-04-01,57,8469,1205.0,0.1422836226
2012-04-01,58,8469,1205.0,0.1422836226
2012-04-01,59,8469,1205.0,0.1422836226
2012-04-01,60,8469,1205.0,0.1422836226
2012-07-01,0,13322,10.0,0.000750638
2012-07-01,1,13322,31.0,0.0023269779
2012-07-01,2,13322,74.0,0.0055547215
2012-07-01,3,13322,113.0,0.0084822099
2012-07-01,4,13322,170.0,0.0127608467
2012-07-01,5,13322,232.0,0.0174148026
2012-07-01,6,13322,299.0,0.0224440775
2012-07-01,7,13322,356.0,0.0267227143
2012-07-01,8,13322,418.0,0.0313766702
2012-07-01,9,13322,485.0,0.0364059451
2012-07-01,10,13322,567.0,0.042561177
2012-07-01,11,13322,658.0,0.0493919832
2012-07-01,12,13322,742.0,0.0556973427
2012-07-01,13,13322,815.0,0.0611770005
2012-07-01,14,13322,891.0,0.0668818496
2012-07-01,15,13322,964.0,0.0723615073
2012-07-01,16,13322,1017.0,0.0763398889
2012-07-01,17,13322,1078.0,0.080918781
2012-07-01,18,13322,1143.0,0.0857979282
2012-07-01,19,13322,1208.0,0.0906770755
2012-07-01,20,13322,1259.0,0.0945053295
2012-07-01,21,13322,1322.0,0.0992343492
2012-07-01,22,13322,1376.0,0.1032877946
2012-07-01,23,13322,1420.0,0.106590602
2012-07-01,24,13322,1474.0,0.1106440474
2012-07-01,25,13322,1526.0,0.1145473653
2012-07-01,26,13322,1576.0,0.1183005555
2012-07-01,27,13322,1621.0,0.1216784267
2012-07-01,28,13322,1656.0,0.1243056598
2012-07-01,29,13322,1696.0,0.127308212
2012-07-01,30,13322,1738.0,0.1304608918
2012-07-01,31,13322,1768.0,0.1327128059
2012-07-01,32,13322,1796.0,0.1348145924
2012-07-01,33,13322,1823.0,0.1368413151
2012-07-01,34,13322,1856.0,0.1393184207
2012-07-01,35,13322,1879.0,0.1410448882
2012-07-01,36,13322,1882.0,0.1412700796
2012-07-01,37,13322,1887.0,0.1416453986
2012-07-01,38,13322,1891.0,0.1419456538
2012-07-01,39,13322,1891.0,0.1419456538
2012-07-01,40,13322,1891.0,0.1419456538
2012-07-01,41,13322,1891.0,0.1419456538
2012-07-01,42,13322,1891.0,0.1419456538
2012-07-01,43,13322,1891.0,0.1419456538
2012-07-01,44,13322,1891.0,0.1419456538
2012-07-01,45,13322,1891.0,0.1419456538
2012-07-01,46,13322,1891.0,0.1419456538
2012-07-01,47,13322,1891.0,0.1419456538
2012-07-01,48,13322,1891.0,0.1419456538
2012-07-01,49,13322,1891.0,0.1419456538
2012-07-01,50,13322,1891.0,0.1419456538
2012-07-01,51,13322,1891.0,0.1419456538
2012-07-01,52,13322,1891.0,0.1419456538
2012-07-01,53,13322,1891.0,0.1419456538
2012-07-01,54,13322,1891.0,0.1419456538
2012-07-01,55,13322,1891.0,0.1419456538
2012-07-01,56,13322,1891.0,0.1419456538
2012-07-01,57,13322,1891.0,0.1419456538
2012-07-01,58,13322,1891.0,0.1419456538
2012-07-01,59,13322,1891.0,0.1419456538
2012-07-01,60,13322,1891.0,0.1419456538
2012-10-01,0,15181,23.0,0.0015150517
2012-10-01,1,15181,41.0,0.0027007444
2012-10-01,2,15181,61.0,0.0040181806
2012-10-01,3,15181,96.0,0.0063236941
2012-10-01,4,15181,152.0,0.0100125156
2012-10-01,5,15181,199.0,0.0131084909
2012-10-01,6,15181,257.0,0.0169290561
2012-10-01,7,15181,329.0,0.0216718266
2012-10-01,8,15181,387.0,0.0254923918
2012-10-01,9,15181,471.0,0.0310256241
2012-10-01,10,15181,566.0,0.0372834464
2012-10-01,11,15181,649.0,0.0427508069
2012-10-01,12,15181,715.0,0.0470983466
2012-10-01,13,15181,781.0,0.0514458863
2012-10-01,14,15181,842.0,0.0554640669
2012-10-01,15,15181,900.0,0.0592846321
2012-10-01,16,15181,948.0,0.0624464792
2012-10-01,17,15181,1015.0,0.0668598907
2012-10-01,18,15181,1098.0,0.0723272512
2012-10-01,19,15181,1148.0,0.0756208418
2012-10-01,20,15181,1222.0,0.080495356
2012-10-01,21,15181,1299.0,0.0855674857
2012-10-01,22,15181,1378.0,0.0907713589
2012-10-01,23,15181,1427.0,0.0939990778
2012-10-01,24,15181,1480.0,0.0974902839
2012-10-01,25,15181,1539.0,0.1013767209
2012-10-01,26,15181,1580.0,0.1040774653
2012-10-01,27,15181,1634.0,0.1076345432
2012-10-01,28,15181,1678.0,0.110532903
2012-10-01,29,15181,1720.0,0.1132995191
2012-10-01,30,15181,1767.0,0.1163954944
2012-10-01,31,15181,1808.0,0.1190962387
2012-10-01,32,15181,1852.0,0.1219945985
2012-10-01,33,15181,1887.0,0.124300112
2012-10-01,34,15181,1905.0,0.1254858046
2012-10-01,35,15181,1929.0,0.1270667281
2012-10-01,36,15181,1941.0,0.1278571899
2012-10-01,37,15181,1945.0,0.1281206772
2012-10-01,38,15181,1948.0,0.1283182926
2012-10-01,39,15181,1948.0,0.1283182926
2012-10-01,40,15181,1948.0,0.1283182926
2012-10-01,41,15181,1949.0,0.1283841644
2012-10-01,42,15181,1949.0,0.1283841644
2012-10-01,43,15181,1949.0,0.1283841644
2012-10-01,44,15181,1949.0,0.1283841644
2012-10-01,45,15181,1949.0,0.1283841644
2012-10-01,46,15181,1949.0,0.1283841644
2012-10-01,47,15181,1949.0,0.1283841644
2012-10-01,48,15181,1949.0,0.1283841644
2012-10-01,49,15181,1949.0,0.1283841644
2012-10-01,50,15181,1949.0,0.1283841644
2012-10-01,51,15181,1949.0,0.1283841644
2012-10-01,52,15181,1949.0,0.1283841644
2012-10-01,53,15181,1949.0,0.1283841644
2012-10-01,54,15181,1949.0,0.1283841644
2012-10-01,55,15181,1949.0,0.1283841644
2012-10-01,56,15181,1949.0,0.1283841644
2012-10-01,57,15181,1949.0,0.1283841644
2012-10-01,58,15181,1949.0,0.1283841644
2012-10-01,59,15181,1949.0,0.1283841644
2012-10-01,60,15181,1949.0,0.1283841644
2013-01-01,0,17988,14.0,0.0007782966
2013-01-01,1,17988,34.0,0.001890149
2013-01-01,2,17988,56.0,0.0031131866
2013-01-01,3,17988,113.0,0.0062819658
2013-01-01,4,17988,168.0,0.0093395597
2013-01-01,5,17988,234.0,0.0130086724
2013-01-01,6,17988,308.0,0.0171225261
2013-01-01,7,17988,386.0,0.0214587503
2013-01-01,8,17988,469.0,0.0260729375
2013-01-01,9,17988,546.0,0.030353569
2013-01-01,10,17988,619.0,0.0344118301
2013-01-01,11,17988,701.0,0.0389704247
2013-01-01,12,17988,777.0,0.0431954636
2013-01-01,13,17988,859.0,0.0477540583
2013-01-01,14,17988,944.0,0.0524794307
2013-01-01,15,17988,1025.0,0.0569824327
2013-01-01,16,17988,1119.0,0.0622081388
2013-01-01,17,17988,1221.0,0.0678785857
2013-01-01,18,17988,1318.0,0.0732710696
2013-01-01,19,17988,1391.0,0.0773293307
2013-01-01,20,17988,1469.0,0.0816655548
2013-01-01,21,17988,1546.0,0.0859461863
2013-01-01,22,17988,1603.0,0.0891149655
2013-01-01,23,17988,1684.0,0.0936179675
2013-01-01,24,17988,1757.0,0.0976762286
2013-01-01,25,17988,1817.0,0.1010117856
2013-01-01,26,17988,1869.0,0.1039026017
2013-01-01,27,17988,1918.0,0.10662664
2013-01-01,28,17988,1979.0,0.1100177896
2013-01-01,29,17988,2041.0,0.1134645319
2013-01-01,30,17988,2090.0,0.1161885702
2013-01-01,31,17988,2137.0,0.1188014232
2013-01-01,32,17988,2180.0,0.1211919057
2013-01-01,33,17988,2211.0,0.1229152769
2013-01-01,34,17988,2235.0,0.1242494997
2013-01-01,35,17988,2251.0,0.1251389815
2013-01-01,36,17988,2255.0,0.125361352
2013-01-01,37,17988,2259.0,0.1255837225
2013-01-01,38,17988,2263.0,0.125806093
2013-01-01,39,17988,2264.0,0.1258616856
2013-01-01,40,17988,2264.0,0.1258616856
2013-01-01,41,17988,2264.0,0.1258616856
2013-01-01,42,17988,2264.0,0.1258616856
2013-01-01,43,17988,2264.0,0.1258616856
2013-01-01,44,17988,2264.0,0.1258616856
2013-01-01,45,17988,2264.0,0.1258616856
2013-01-01,46,17988,2264.0,0.1258616856
2013-01-01,47,17988,2264.0,0.1258616856
2013-01-01,48,17988,2264.0,0.1258616856
2013-01-01,49,17988,2264.0,0.1258616856
2013-01-01,50,17988,2264.0,0.1258616856
2013-01-01,51,17988,2264.0,0.1258616856
2013-01-01,52,17988,2264.0,0.1258616856
2013-01-01,53,17988,2264.0,0.1258616856
2013-01-01,54,17988,2264.0,0.1258616856
2013-01-01,55,17988,2264.0,0.1258616856
2013-01-01,56,17988,2264.0,0.1258616856
2013-01-01,57,17988,2264.0,0.1258616856
2013-01-01,58,17988,2264.0,0.1258616856
2013-01-01,59,17988,2264.0,0.1258616856
2013-01-01,60,17988,2264.0,0.1258616856
2013-04-01,0,23136,16.0,0.0006915629
2013-04-01,1,23136,49.0,0.0021179115
2013-04-01,2,23136,100.0,0.0043222683
2013-04-01,3,23136,167.0,0.0072181881
2013-04-01,4,23136,234.0,0.0101141079
2013-04-01,5,23136,319.0,0.013788036
2013-04-01,6,23136,404.0,0.017461964
2013-04-01,7,23136,503.0,0.0217410097
2013-04-01,8,23136,602.0,0.0260200553
2013-04-01,9,23136,724.0,0.0312932227
2013-04-01,10,23136,816.0,0.0352697095
2013-04-01,11,23136,924.0,0.0399377593
2013-04-01,12,23136,1016.0,0.0439142462
2013-04-01,13,23136,1144.0,0.0494467497
2013-04-01,14,23136,1274.0,0.0550656985
2013-04-01,15,23136,1408.0,0.060857538
2013-04-01,16,23136,1507.0,0.0651365837
2013-04-01,17,23136,1600.0,0.0691562932
2013-04-01,18,23136,1721.0,0.0743862379
2013-04-01,19,23136,1799.0,0.0777576072
2013-04-01,20,23136,1883.0,0.0813883126
2013-04-01,21,23136,1974.0,0.0853215768
2013-04-01,22,23136,2069.0,0.0894277317
2013-04-01,23,23136,2162.0,0.0934474412
2013-04-01,24,23136,2259.0,0.0976400415
2013-04-01,25,23136,2359.0,0.1019623098
2013-04-01,26,23136,2444.0,0.1056362379
2013-04-01,27,23136,2537.0,0.1096559474
2013-04-01,28,23136,2612.0,0.1128976487
2013-04-01,29,23136,2678.0,0.1157503458
2013-04-01,30,23136,2739.0,0.1183869295
2013-04-01,31,23136,2800.0,0.1210235131
2013-04-01,32,23136,2840.0,0.1227524205
2013-04-01,33,23136,2883.0,0.1246109959
2013-04-01,34,23136,2915.0,0.1259941217
2013-04-01,35,23136,2945.0,0.1272908022
2013-04-01,36,23136,2959.0,0.1278959198
2013-04-01,37,23136,2968.0,0.1282849239
2013-04-01,38,23136,2968.0,0.1282849239
2013-04-01,39,23136,2968.0,0.1282849239
2013-04-01,40,23136,2970.0,0.1283713693
2013-04-01,41,23136,2970.0,0.1283713693
2013-04-01,42,23136,2970.0,0.1283713693
2013-04-01,43,23136,2970.0,0.1283713693
2013-04-01,44,23136,2970.0,0.1283713693
2013-04-01,45,23136,2970.0,0.1283713693
2013-04-01,46,23136,2970.0,0.1283713693
2013-04-01,47,23136,2970.0,0.1283713693
2013-04-01,48,23136,2970.0,0.1283713693
2013-04-01,49,23136,2970.0,0.1283713693
2013-04-01,50,23136,2970.0,0.1283713693
2013-04-01,51,23136,2970.0,0.1283713693
2013-04-01,52,23136,2970.0,0.1283713693
2013-04-01,53,23136,2970.0,0.1283713693
2013-04-01,54,23136,2970.0,0.1283713693
2013-04-01,55,23136,2970.0,0.1283713693
2013-04-01,56,23136,2970.0,0.1283713693
2013-04-01,57,23136,2970.0,0.1283713693
2013-04-01,58,23136,2970.0,0.1283713693
2013-04-01,59,23136,2970.0,0.1283713693
2013-04-01,60,23136,2970.0,0.1283713693
2013-07-01,0,27318,31.0,0.0011347829
2013-07-01,1,27318,71.0,0.002599019
2013-07-01,2,27318,133.0,0.0048685848
2013-07-01,3,27318,212.0,0.007760451
2013-07-01,4,27318,287.0,0.0105058936
2013-07-01,5,27318,349.0,0.0127754594
2013-07-01,6,27318,441.0,0.0161432023
2013-07-01,7,27318,550.0,0.0201332455
2013-07-01,8,27318,661.0,0.0241965005
2013-07-01,9,27318,776.0,0.0284061791
2013-07-01,10,27318,909.0,0.0332747639
2013-07-01,11,27318,1033.0,0.0378138956
2013-07-01,12,27318,1182.0,0.0432681748
2013-07-01,13,27318,1328.0,0.0486126364
2013-07-01,14,27318,1454.0,0.0532249799
2013-07-01,15,27318,1576.0,0.0576908998
2013-07-01,16,27318,1693.0,0.0619737902
2013-07-01,17,27318,1798.0,0.0658174098
2013-07-01,18,27318,1924.0,0.0704297533
2013-07-01,19,27318,2046.0,0.0748956732
2013-07-01,20,27318,2155.0,0.0788857164
2013-07-01,21,27318,2267.0,0.0829855773
2013-07-01,22,27318,2375.0,0.0869390146
2013-07-01,23,27318,2486.0,0.0910022696
2013-07-01,24,27318,2597.0,0.0950655246
2013-07-01,25,27318,2701.0,0.0988725383
2013-07-01,26,27318,2787.0,0.1020206457
2013-07-01,27,27318,2864.0,0.1048393001
2013-07-01,28,27318,2927.0,0.1071454719
2013-07-01,29,27318,2984.0,0.1092320082
2013-07-01,30,27318,3057.0,0.111904239
2013-07-01,31,27318,3129.0,0.1145398638
2013-07-01,32,27318,3184.0,0.1165531884
2013-07-01,33,27318,3238.0,0.118529907
2013-07-01,34,27318,3284.0,0.1202137785
2013-07-01,35,27318,3311.0,0.1212021378
2013-07-01,36,27318,3324.0,0.1216780145
2013-07-01,37,27318,3330.0,0.1218976499
2013-07-01,38,27318,3335.0,0.1220806794
2013-07-01,39,27318,3335.0,0.1220806794
2013-07-01,40,27318,3336.0,0.1221172853
2013-07-01,41,27318,3336.0,0.1221172853
2013-07-01,42,27318,3336.0,0.1221172853
2013-07-01,43,27318,3336.0,0.1221172853
2013-07-01,44,27318,3336.0,0.1221172853
2013-07-01,45,27318,3336.0,0.1221172853
2013-07-01,46,27318,3336.0,0.1221172853
2013-07-01,47,27318,3336.0,0.1221172853
2013-07-01,48,27318,3336.0,0.1221172853
2013-07-01,49,27318,3336.0,0.1221172853
2013-07-01,50,27318,3336.0,0.1221172853
2013-07-01,51,27318,3336.0,0.1221172853
2013-07-01,52,27318,3336.0,0.1221172853
2013-07-01,53,27318,3336.0,0.1221172853
2013-07-01,54,27318,3336.0,0.1221172853
2013-07-01,55,27318,3336.0,0.1221172853
2013-07-01,56,27318,3336.0,0.1221172853
2013-07-01,57,27318,3336.0,0.1221172853
2013-07-01,58,27318,3336.0,0.1221172853
2013-07-01,59,27318,3336.0,0.1221172853
2013-07-01,60,27318,3336.0,0.1221172853
2013-10-01,0,31980,19.0,0.0005941213
2013-10-01,1,31980,48.0,0.0015009381
2013-10-01,2,31980,104.0,0.0032520325
2013-10-01,3,31980,151.0,0.0047217011
2013-10-01,4,31980,222.0,0.0069418386
2013-10-01,5,31980,305.0,0.0095372108
2013-10-01,6,31980,422.0,0.0131957473
2013-10-01,7,31980,547.0,0.0171044403
2013-10-01,8,31980,683.0,0.0213570982
2013-10-01,9,31980,824.0,0.0257661038
2013-10-01,10,31980,963.0,0.0301125704
2013-10-01,11,31980,1115.0,0.034865541
2013-10-01,12,31980,1268.0,0.0396497811
2013-10-01,13,31980,1408.0,0.0440275172
2013-10-01,14,31980,1524.0,0.0476547842
2013-10-01,15,31980,1649.0,0.0515634772
2013-10-01,16,31980,1784.0,0.0557848655
2013-10-01,17,31980,1951.0,0.0610068793
2013-10-01,18,31980,2084.0,0.0651657286
2013-10-01,19,31980,2204.0,0.0689180738
2013-10-01,20,31980,2362.0,0.0738586617
2013-10-01,21,31980,2507.0,0.0783927455
2013-10-01,22,31980,2653.0,0.0829580988
2013-10-01,23,31980,2774.0,0.0867417136
2013-10-01,24,31980,2892.0,0.0904315197
2013-10-01,25,31980,2991.0,0.0935272045
2013-10-01,26,31980,3079.0,0.0962789243
2013-10-01,27,31980,3179.0,0.0994058787
2013-10-01,28,31980,3261.0,0.1019699812
2013-10-01,29,31980,3364.0,0.1051907442
2013-10-01,30,31980,3455.0,0.1080362727
2013-10-01,31,31980,3531.0,0.110412758
2013-10-01,32,31980,3611.0,0.1129143215
2013-10-01,33,31980,3681.0,0.1151031895
2013-10-01,34,31980,3745.0,0.1171044403
2013-10-01,35,31980,3789.0,0.1184803002
2013-10-01,36,31980,3799.0,0.1187929956
2013-10-01,37,31980,3802.0,0.1188868043
2013-10-01,38,31980,3806.0,0.1190118824
2013-10-01,39,31980,3807.0,0.119043152
2013-10-01,40,31980,3807.0,0.119043152
2013-10-01,41,31980,3808.0,0.1190744215
2013-10-01,42,31980,3808.0,0.1190744215
2013-10-01,43,31980,3808.0,0.1190744215
2013-10-01,44,31980,3808.0,0.1190744215
2013-10-01,45,31980,3808.0,0.1190744215
2013-10-01,46,31980,3808.0,0.1190744215
2013-10-01,47,31980,3808.0,0.1190744215
2013-10-01,48,31980,3808.0,0.1190744215
2013-10-01,49,31980,3808.0,0.1190744215
2013-10-01,50,31980,3808.0,0.1190744215
2013-10-01,51,31980,3808.0,0.1190744215
2013-10-01,52,31980,3808.0,0.1190744215
2013-10-01,53,31980,3808.0,0.1190744215
2013-10-01,54,31980,3808.0,0.1190744215
2013-10-01,55,31980,3808.0,0.1190744215
2013-10-01,56,31980,3808.0,0.1190744215
2013-10-01,57,31980,3808.0,0.1190744215
2013-10-01,58,31980,3808.0,0.1190744215
2013-10-01,59,31980,3808.0,0.1190744215
2013-10-01,60,31980,3808.0,0.1190744215
2014-01-01,0,34074,21.0,0.0006163057
2014-01-01,1,34074,49.0,0.0014380466
2014-01-01,2,34074,100.0,0.002934789
2014-01-01,3,34074,168.0,0.0049304455
2014-01-01,4,34074,264.0,0.0077478429
2014-01-01,5,34074,385.0,0.0112989376
2014-01-01,6,34074,520.0,0.0152609027
2014-01-01,7,34074,669.0,0.0196337383
2014-01-01,8,34074,805.0,0.0236250514
2014-01-01,9,34074,960.0,0.0281739743
2014-01-01,10,34074,1094.0,0.0321065915
2014-01-01,11,34074,1254.0,0.0368022539
2014-01-01,12,34074,1389.0,0.0407642191
2014-01-01,13,34074,1572.0,0.0461348829
2014-01-01,14,34074,1727.0,0.0506838058
2014-01-01,15,34074,1888.0,0.0554088161
2014-01-01,16,34074,2053.0,0.0602512179
2014-01-01,17,34074,2216.0,0.065034924
2014-01-01,18,34074,2410.0,0.0707284146
2014-01-01,19,34074,2577.0,0.0756295122
2014-01-01,20,34074,2743.0,0.080501262
2014-01-01,21,34074,2894.0,0.0849327933
2014-01-01,22,34074,3037.0,0.0891295416
2014-01-01,23,34074,3165.0,0.0928860715
2014-01-01,24,34074,3313.0,0.0972295592
2014-01-01,25,34074,3437.0,0.1008686975
2014-01-01,26,34074,3564.0,0.1045958796
2014-01-01,27,34074,3671.0,0.1077361038
2014-01-01,28,34074,3780.0,0.1109350238
2014-01-01,29,34074,3892.0,0.1142219874
2014-01-01,30,34074,4000.0,0.1173915595
2014-01-01,31,34074,4086.0,0.1199154781
2014-01-01,32,34074,4175.0,0.1225274403
2014-01-01,33,34074,4247.0,0.1246404883
2014-01-01,34,34074,4296.0,0.126078535
2014-01-01,35,34074,4344.0,0.1274872337
2014-01-01,36,34074,4364.0,0.1280741915
2014-01-01,37,34074,4374.0,0.1283676704
2014-01-01,38,34074,4379.0,0.1285144098
2014-01-01,39,34074,4381.0,0.1285731056
2014-01-01,40,34074,4383.0,0.1286318014
2014-01-01,41,34074,4384.0,0.1286611493
2014-01-01,42,34074,4384.0,0.1286611493
2014-01-01,43,34074,4384.0,0.1286611493
2014-01-01,44,34074,4384.0,0.1286611493
2014-01-01,45,34074,4384.0,0.1286611493
2014-01-01,46,34074,4384.0,0.1286611493
2014-01-01,47,34074,4384.0,0.1286611493
2014-01-01,48,34074,4384.0,0.1286611493
2014-01-01,49,34074,4384.0,0.1286611493
2014-01-01,50,34074,4384.0,0.1286611493
2014-01-01,51,34074,4384.0,0.1286611493
2014-01-01,52,34074,4384.0,0.1286611493
2014-01-01,53,34074,4384.0,0.1286611493
2014-01-01,54,34074,4384.0,0.1286611493
2014-01-01,55,34074,4384.0,0.1286611493
2014-01-01,56,34074,4384.0,0.1286611493
2014-01-01,57,34074,4384.0,0.1286611493
2014-01-01,58,34074,4384.0,0.1286611493
2014-01-01,59,34074,4384.0,0.1286611493
2014-01-01,60,34074,4384.0,0.1286611493
2014-04-01,0,37881,18.0,0.0004751722
2014-04-01,1,37881,66.0,0.0017422982
2014-04-01,2,37881,122.0,0.0032206119
2014-04-01,3,37881,231.0,0.0060980439
2014-04-01,4,37881,368.0,0.0097146327
2014-04-01,5,37881,494.0,0.0130408384
2014-04-01,6,37881,646.0,0.0170534041
2014-04-01,7,37881,813.0,0.0214619466
2014-04-01,8,37881,941.0,0.0248409493
2014-04-01,9,37881,1102.0,0.0290911011
2014-04-01,10,37881,1278.0,0.0337372297
2014-04-01,11,37881,1494.0,0.0394392967
2014-04-01,12,37881,1711.0,0.0451677622
2014-04-01,13,37881,1906.0,0.0503154616
2014-04-01,14,37881,2119.0,0.0559383332
2014-04-01,15,37881,2347.0,0.0619571817
2014-04-01,16,37881,2547.0,0.0672368734
2014-04-01,17,37881,2743.0,0.0724109712
2014-04-01,18,37881,2909.0,0.0767931153
2014-04-01,19,37881,3085.0,0.0814392439
2014-04-01,20,37881,3221.0,0.0850294343
2014-04-01,21,37881,3360.0,0.08869882
2014-04-01,22,37881,3495.0,0.0922626119
2014-04-01,23,37881,3648.0,0.096301576
2014-04-01,24,37881,3823.0,0.1009213062
2014-04-01,25,37881,3980.0,0.1050658642
2014-04-01,26,37881,4147.0,0.1094744067
2014-04-01,27,37881,4281.0,0.1130118001
2014-04-01,28,37881,4443.0,0.1172883504
2014-04-01,29,37881,4577.0,0.1208257438
2014-04-01,30,37881,4695.0,0.1239407619
2014-04-01,31,37881,4794.0,0.1265542092
2014-04-01,32,37881,4888.0,0.1290356643
2014-04-01,33,37881,4967.0,0.1311211425
2014-04-01,34,37881,5036.0,0.1329426362
2014-04-01,35,37881,5098.0,0.1345793406
2014-04-01,36,37881,5108.0,0.1348433251
2014-04-01,37,37881,5119.0,0.1351337082
2014-04-01,38,37881,5123.0,0.135239302
2014-04-01,39,37881,5128.0,0.1353712943
2014-04-01,40,37881,5128.0,0.1353712943
2014-04-01,41,37881,5131.0,0.1354504897
2014-04-01,42,37881,5131.0,0.1354504897
2014-04-01,43,37881,5131.0,0.1354504897
2014-04-01,44,37881,5131.0,0.1354504897
2014-04-01,45,37881,5131.0,0.1354504897
2014-04-01,46,37881,5131.0,0.1354504897
2014-04-01,47,37881,5131.0,0.1354504897
2014-04-01,48,37881,5131.0,0.1354504897
2014-04-01,49,37881,5131.0,0.1354504897
2014-04-01,50,37881,5131.0,0.1354504897
2014-04-01,51,37881,5131.0,0.1354504897
2014-04-01,52,37881,5131.0,0.1354504897
2014-04-01,53,37881,5131.0,0.1354504897
2014-04-01,54,37881,5131.0,0.1354504897
2014-04-01,55,37881,5131.0,0.1354504897
2014-04-01,56,37881,5131.0,0.1354504897
2014-04-01,57,37881,5131.0,0.1354504897
2014-04-01,58,37881,5131.0,0.1354504897
2014-04-01,59,37881,5131.0,0.1354504897
2014-04-01,60,37881,5131.0,0.1354504897
2014-07-01,0,40595,25.0,0.0006158394
2014-07-01,1,40595,72.0,0.0017736174
2014-07-01,2,40595,157.0,0.0038674714
2014-07-01,3,40595,258.0,0.0063554625
2014-07-01,4,40595,379.0,0.0093361251
2014-07-01,5,40595,502.0,0.0123660549
2014-07-01,6,40595,674.0,0.0166030299
2014-07-01,7,40595,831.0,0.0204705013
2014-07-01,8,40595,1036.0,0.0255203843
2014-07-01,9,40595,1232.0,0.0303485651
2014-07-01,10,40595,1442.0,0.035521616
2014-07-01,11,40595,1702.0,0.0419263456
2014-07-01,12,40595,1943.0,0.0478630373
2014-07-01,13,40595,2154.0,0.0530607218
2014-07-01,14,40595,2368.0,0.0583323069
2014-07-01,15,40595,2549.0,0.0627909841
2014-07-01,16,40595,2747.0,0.0676684321
2014-07-01,17,40595,2924.0,0.0720285749
2014-07-01,18,40595,3105.0,0.0764872521
2014-07-01,19,40595,3281.0,0.0808227614
2014-07-01,20,40595,3451.0,0.0850104693
2014-07-01,21,40595,3653.0,0.0899864515
2014-07-01,22,40595,3871.0,0.095356571
2014-07-01,23,40595,4059.0,0.0999876832
2014-07-01,24,40595,4266.0,0.1050868334
2014-07-01,25,40595,4450.0,0.1096194113
2014-07-01,26,40595,4606.0,0.113462249
2014-07-01,27,40595,4745.0,0.116886316
2014-07-01,28,40595,4854.0,0.1195713758
2014-07-01,29,40595,4974.0,0.1225274049
2014-07-01,30,40595,5090.0,0.1253848996
2014-07-01,31,40595,5197.0,0.1280206922
2014-07-01,32,40595,5288.0,0.1302623476
2014-07-01,33,40595,5371.0,0.1323069344
2014-07-01,34,40595,5429.0,0.1337356817
2014-07-01,35,40595,5490.0,0.1352383298
2014-07-01,36,40595,5505.0,0.1356078335
2014-07-01,37,40595,5515.0,0.1358541692
2014-07-01,38,40595,5520.0,0.1359773371
2014-07-01,39,40595,5530.0,0.1362236729
2014-07-01,40,40595,5532.0,0.13627294
2014-07-01,41,40595,5533.0,0.1362975736
2014-07-01,42,40595,5533.0,0.1362975736
2014-07-01,43,40595,5533.0,0.1362975736
2014-07-01,44,40595,5533.0,0.1362975736
2014-07-01,45,40595,5533.0,0.1362975736
2014-07-01,46,40595,5533.0,0.1362975736
2014-07-01,47,40595,5533.0,0.1362975736
2014-07-01,48,40595,5533.0,0.1362975736
2014-07-01,49,40595,5533.0,0.1362975736
2014-07-01,50,40595,5533.0,0.1362975736
2014-07-01,51,40595,5533.0,0.1362975736
2014-07-01,52,40595,5533.0,0.1362975736
2014-07-01,53,40595,5533.0,0.1362975736
2014-07-01,54,40595,5533.0,0.1362975736
2014-07-01,55,40595,5533.0,0.1362975736
2014-07-01,56,40595,5533.0,0.1362975736
2014-07-01,57,40595,5533.0,0.1362975736
2014-07-01,58,40595,5533.0,0.1362975736
2014-07-01,59,40595,5533.0,0.1362975736
2014-07-01,60,40595,5533.0,0.1362975736
2014-10-01,0,50020,29.0,0.0005797681
2014-10-01,1,50020,80.0,0.0015993603
2014-10-01,2,50020,170.0,0.0033986405
2014-10-01,3,50020,298.0,0.005957617
2014-10-01,4,50020,457.0,0.0091363455
2014-10-01,5,50020,645.0,0.0128948421
2014-10-01,6,50020,903.0,0.0180527789
2014-10-01,7,50020,1117.0,0.0223310676
2014-10-01,8,50020,1370.0,0.0273890444
2014-10-01,9,50020,1645.0,0.0328868453
2014-10-01,10,50020,1948.0,0.0389444222
2014-10-01,11,50020,2251.0,0.0450019992
2014-10-01,12,50020,2527.0,0.0505197921
2014-10-01,13,50020,2782.0,0.0556177529
2014-10-01,14,50020,3027.0,0.0605157937
2014-10-01,15,50020,3268.0,0.0653338665
2014-10-01,16,50020,3555.0,0.0710715714
2014-10-01,17,50020,3811.0,0.0761895242
2014-10-01,18,50020,4051.0,0.080987605
2014-10-01,19,50020,4331.0,0.0865853659
2014-10-01,20,50020,4593.0,0.0918232707
2014-10-01,21,50020,4853.0,0.0970211915
2014-10-01,22,50020,5125.0,0.1024590164
2014-10-01,23,50020,5387.0,0.1076969212
2014-10-01,24,50020,5635.0,0.112654938
2014-10-01,25,50020,5832.0,0.1165933627
2014-10-01,26,50020,6001.0,0.1199720112
2014-10-01,27,50020,6192.0,0.1237904838
2014-10-01,28,50020,6361.0,0.1271691323
2014-10-01,29,50020,6528.0,0.1305077969
2014-10-01,30,50020,6657.0,0.1330867653
2014-10-01,31,50020,6787.0,0.1356857257
2014-10-01,32,50020,6891.0,0.137764894
2014-10-01,33,50020,7011.0,0.1401639344
2014-10-01,34,50020,7107.0,0.1420831667
2014-10-01,35,50020,7176.0,0.143462615
2014-10-01,36,50020,7218.0,0.1443022791
2014-10-01,37,50020,7233.0,0.1446021591
2014-10-01,38,50020,7251.0,0.1449620152
2014-10-01,39,50020,7262.0,0.1451819272
2014-10-01,40,50020,7266.0,0.1452618952
2014-10-01,41,50020,7266.0,0.1452618952
2014-10-01,42,50020,7266.0,0.1452618952
2014-10-01,43,50020,7267.0,0.1452818872
2014-10-01,44,50020,7267.0,0.1452818872
2014-10-01,45,50020,7267.0,0.1452818872
2014-10-01,46,50020,7267.0,0.1452818872
2014-10-01,47,50020,7267.0,0.1452818872
2014-10-01,48,50020,7267.0,0.1452818872
2014-10-01,49,50020,7267.0,0.1452818872
2014-10-01,50,50020,7267.0,0.1452818872
2014-10-01,51,50020,7267.0,0.1452818872
2014-10-01,52,50020,7267.0,0.1452818872
2014-10-01,53,50020,7267.0,0.1452818872
2014-10-01,54,50020,7267.0,0.1452818872
2014-10-01,55,50020,7267.0,0.1452818872
2014-10-01,56,50020,7267.0,0.1452818872
2014-10-01,57,50020,7267.0,0.1452818872
2014-10-01,58,50020,7267.0,0.1452818872
2014-10-01,59,50020,7267.0,0.1452818872
2014-10-01,60,50020,7267.0,0.1452818872
2015-01-01,0,56568,26.0,0.0004596238
2015-01-01,1,56568,83.0,0.0014672606
2015-01-01,2,56568,207.0,0.0036593127
2015-01-01,3,56568,359.0,0.0063463442
2015-01-01,4,56568,534.0,0.0094399661
2015-01-01,5,56568,744.0,0.0131523123
2015-01-01,6,56568,1038.0,0.0183495969
2015-01-01,7,56568,1357.0,0.0239888276
2015-01-01,8,56568,1660.0,0.0293452128
2015-01-01,9,56568,1931.0,0.0341359072
2015-01-01,10,56568,2205.0,0.0389796351
2015-01-01,11,56568,2487.0,0.0439647857
2015-01-01,12,56568,2793.0,0.0493742045
2015-01-01,13,56568,3120.0,0.0551548579
2015-01-01,14,56568,3460.0,0.0611653232
2015-01-01,15,56568,3784.0,0.066892943
2015-01-01,16,56568,4124.0,0.0729034083
2015-01-01,17,56568,4473.0,0.0790729741
2015-01-01,18,56568,4846.0,0.0856668081
2015-01-01,19,56568,5154.0,0.0911115825
2015-01-01,20,56568,5468.0,0.096662424
2015-01-01,21,56568,5732.0,0.1013293735
2015-01-01,22,56568,6003.0,0.1061200679
2015-01-01,23,56568,6260.0,0.1106632725
2015-01-01,24,56568,6515.0,0.1151711215
2015-01-01,25,56568,6729.0,0.118954179
2015-01-01,26,56568,6944.0,0.1227549144
2015-01-01,27,56568,7139.0,0.1262020931
2015-01-01,28,56568,7335.0,0.1296669495
2015-01-01,29,56568,7514.0,0.1328312827
2015-01-01,30,56568,7695.0,0.1360309716
2015-01-01,31,56568,7857.0,0.1388947815
2015-01-01,32,56568,7981.0,0.1410868335
2015-01-01,33,56568,8123.0,0.1435970867
2015-01-01,34,56568,8228.0,0.1454532598
2015-01-01,35,56568,8291.0,0.1465669637
2015-01-01,36,56568,8340.0,0.1474331778
2015-01-01,37,56568,8360.0,0.1477867345
2015-01-01,38,56568,8371.0,0.1479811908
2015-01-01,39,56568,8386.0,0.1482463584
2015-01-01,40,56568,8390.0,0.1483170697
2015-01-01,41,56568,8391.0,0.1483347476
2015-01-01,42,56568,8391.0,0.1483347476
2015-01-01,43,56568,8391.0,0.1483347476
2015-01-01,44,56568,8391.0,0.1483347476
2015-01-01,45,56568,8391.0,0.1483347476
2015-01-01,46,56568,8391.0,0.1483347476
2015-01-01,47,56568,8391.0,0.1483347476
2015-01-01,48,56568,8391.0,0.1483347476
2015-01-01,49,56568,8391.0,0.1483347476
2015-01-01,50,56568,8391.0,0.1483347476
2015-01-01,51,56568,8391.0,0.1483347476
2015-01-01,52,56568,8391.0,0.1483347476
2015-01-01,53,56568,8391.0,0.1483347476
2015-01-01,54,56568,8391.0,0.1483347476
2015-01-01,55,56568,8391.0,0.1483347476
2015-01-01,56,56568,8391.0,0.1483347476
2015-01-01,57,56568,8391.0,0.1483347476
2015-01-01,58,56568,8391.0,0.1483347476
2015-01-01,59,56568,8391.0,0.1483347476
2015-01-01,60,56568,8391.0,0.1483347476
2015-04-01,0,64222,47.0,0.0007318364
2015-04-01,1,64222,125.0,0.0019463735
2015-04-01,2,64222,248.0,0.0038616051
2015-04-01,3,64222,457.0,0.0071159416
2015-04-01,4,64222,694.0,0.0108062658
2015-04-01,5,64222,1001.0,0.0155865591
2015-04-01,6,64222,1307.0,0.0203512815
2015-04-01,7,64222,1581.0,0.0246177322
2015-04-01,8,64222,1926.0,0.0299897231
2015-04-01,9,64222,2240.0,0.0348790134
2015-04-01,10,64222,2641.0,0.0411229797
2015-04-01,11,64222,3016.0,0.0469621002
2015-04-01,12,64222,3413.0,0.0531437825
2015-04-01,13,64222,3838.0,0.0597614525
2015-04-01,14,64222,4270.0,0.0664881193
2015-04-01,15,64222,4695.0,0.0731057893
2015-04-01,16,64222,5126.0,0.0798168852
2015-04-01,17,64222,5499.0,0.0856248638
2015-04-01,18,64222,5854.0,0.0911525645
2015-04-01,19,64222,6208.0,0.0966646943
2015-04-01,20,64222,6512.0,0.1013982747
2015-04-01,21,64222,6801.0,0.1058982903
2015-04-01,22,64222,7087.0,0.1103515929
2015-04-01,23,64222,7406.0,0.1153187381
2015-04-01,24,64222,7643.0,0.1190090623
2015-04-01,25,64222,7936.0,0.1235713618
2015-04-01,26,64222,8195.0,0.1276042478
2015-04-01,27,64222,8447.0,0.1315281368
2015-04-01,28,64222,8697.0,0.1354208838
2015-04-01,29,64222,8907.0,0.1386907913
2015-04-01,30,64222,9103.0,0.141742705
2015-04-01,31,64222,9269.0,0.144327489
2015-04-01,32,64222,9399.0,0.1463517175
2015-04-01,33,64222,9535.0,0.1484693719
2015-04-01,34,64222,9649.0,0.1502444645
2015-04-01,35,64222,9750.0,0.1518171343
2015-04-01,36,64222,9808.0,0.1527202516
2015-04-01,37,64222,9842.0,0.1532496652
2015-04-01,38,64222,9858.0,0.153498801
2015-04-01,39,64222,9866.0,0.1536233689
2015-04-01,40,64222,9875.0,0.1537635078
2015-04-01,41,64222,9876.0,0.1537790788
2015-04-01,42,64222,9876.0,0.1537790788
2015-04-01,43,64222,9878.0,0.1538102208
2015-04-01,44,64222,9878.0,0.1538102208
2015-04-01,45,64222,9878.0,0.1538102208
2015-04-01,46,64222,9878.0,0.1538102208
2015-04-01,47,64222,9878.0,0.1538102208
2015-04-01,48,64222,9878.0,0.1538102208
2015-04-01,49,64222,9878.0,0.1538102208
2015-04-01,50,64222,9878.0,0.1538102208
2015-04-01,51,64222,9878.0,0.1538102208
2015-04-01,52,64222,9878.0,0.1538102208
2015-04-01,53,64222,9878.0,0.1538102208
2015-04-01,54,64222,9878.0,0.1538102208
2015-04-01,55,64222,9878.0,0.1538102208
2015-04-01,56,64222,9878.0,0.1538102208
2015-04-01,57,64222,9878.0,0.1538102208
2015-04-01,58,64222,9878.0,0.1538102208
2015-04-01,59,64222,9878.0,0.1538102208
2015-04-01,60,64222,9878.0,0.1538102208
2015-07-01,0,73567,65.0,0.0008835483
2015-07-01,1,73567,152.0,0.0020661438
2015-07-01,2,73567,305.0,0.0041458806
2015-07-01,3,73567,489.0,0.0066470021
2015-07-01,4,73567,710.0,0.0096510664
2015-07-01,5,73567,999.0,0.0135794582
2015-07-01,6,73567,1306.0,0.0177525249
2015-07-01,7,73567,1656.0,0.0225100928
2015-07-01,8,73567,2034.0,0.0276482662
2015-07-01,9,73567,2448.0,0.0332757894
2015-07-01,10,73567,2897.0,0.0393790694
2015-07-01,11,73567,3356.0,0.0456182799
2015-07-01,12,73567,3845.0,0.052265282
2015-07-01,13,73567,4319.0,0.0587083883
2015-07-01,14,73567,4786.0,0.0650563432
2015-07-01,15,73567,5200.0,0.0706838664
2015-07-01,16,73567,5610.0,0.0762570174
2015-07-01,17,73567,5972.0,0.081177702
2015-07-01,18,73567,6365.0,0.0865197711
2015-07-01,19,73567,6730.0,0.0914812348
2015-07-01,20,73567,7101.0,0.0965242568
2015-07-01,21,73567,7422.0,0.1008876262
2015-07-01,22,73567,7766.0,0.1055636359
2015-07-01,23,73567,8098.0,0.1100765289
2015-07-01,24,73567,8417.0,0.1144127122
2015-07-01,25,73567,8713.0,0.1184362554
2015-07-01,26,73567,8973.0,0.1219704487
2015-07-01,27,73567,9217.0,0.1252871532
2015-07-01,28,73567,9462.0,0.1286174508
2015-07-01,29,73567,9666.0,0.1313904332
2015-07-01,30,73567,9845.0,0.1338235894
2015-07-01,31,73567,10007.0,0.1360256637
2015-07-01,32,73567,10164.0,0.1381597727
2015-07-01,33,73567,10314.0,0.1401987304
2015-07-01,34,73567,10459.0,0.1421697228
2015-07-01,35,73567,10587.0,0.1439096334
2015-07-01,36,73567,10643.0,0.1446708443
2015-07-01,37,73567,10675.0,0.1451058219
2015-07-01,38,73567,10699.0,0.1454320551
2015-07-01,39,73567,10711.0,0.1455951717
2015-07-01,40,73567,10721.0,0.1457311023
2015-07-01,41,73567,10724.0,0.1457718814
2015-07-01,42,73567,10725.0,0.1457854745
2015-07-01,43,73567,10725.0,0.1457854745
2015-07-01,44,73567,10725.0,0.1457854745
2015-07-01,45,73567,10725.0,0.1457854745
2015-07-01,46,73567,10725.0,0.1457854745
2015-07-01,47,73567,10725.0,0.1457854745
2015-07-01,48,73567,10725.0,0.1457854745
2015-07-01,49,73567,10725.0,0.1457854745
2015-07-01,50,73567,10725.0,0.1457854745
2015-07-01,51,73567,10725.0,0.1457854745
2015-07-01,52,73567,10725.0,0.1457854745
2015-07-01,53,73567,10725.0,0.1457854745
2015-07-01,54,73567,10725.0,0.1457854745
2015-07-01,55,73567,10725.0,0.1457854745
2015-07-01,56,73567,10725.0,0.1457854745
2015-07-01,57,73567,10725.0,0.1457854745
2015-07-01,58,73567,10725.0,0.1457854745
2015-07-01,59,73567,10725.0,0.1457854745
2015-07-01,60,73567,10725.0,0.1457854745
2015-10-01,0,88430,63.0,0.0007124279
2015-10-01,1,88430,164.0,0.0018545742
2015-10-01,2,88430,321.0,0.0036299898
2015-10-01,3,88430,555.0,0.0062761506
2015-10-01,4,88430,850.0,0.0096121226
2015-10-01,5,88430,1216.0,0.0137509895
2015-10-01,6,88430,1598.0,0.0180707905
2015-10-01,7,88430,2118.0,0.0239511478
2015-10-01,8,88430,2653.0,0.0300011308
2015-10-01,9,88430,3233.0,0.036559991
2015-10-01,10,88430,3782.0,0.0427682913
2015-10-01,11,88430,4339.0,0.0490670587
2015-10-01,12,88430,4845.0,0.0547890987
2015-10-01,13,88430,5321.0,0.0601718874
2015-10-01,14,88430,5815.0,0.0657582268
2015-10-01,15,88430,6297.0,0.0712088658
2015-10-01,16,88430,6762.0,0.0764672622
2015-10-01,17,88430,7289.0,0.0824267782
2015-10-01,18,88430,7770.0,0.0878661088
2015-10-01,19,88430,8193.0,0.0926495533
2015-10-01,20,88430,8662.0,0.0979531833
2015-10-01,21,88430,9093.0,0.1028270949
2015-10-01,22,88430,9492.0,0.1073391383
2015-10-01,23,88430,9860.0,0.111500622
2015-10-01,24,88430,10240.0,0.1157978062
2015-10-01,25,88430,10562.0,0.1194391044
2015-10-01,26,88430,10841.0,0.1225941423
2015-10-01,27,88430,11109.0,0.125624788
2015-10-01,28,88430,11396.0,0.1288702929
2015-10-01,29,88430,11656.0,0.1318104716
2015-10-01,30,88430,11924.0,0.1348411173
2015-10-01,31,88430,12145.0,0.1373402691
2015-10-01,32,88430,12388.0,0.1400882054
2015-10-01,33,88430,12617.0,0.1426778243
2015-10-01,34,88430,12804.0,0.1447924912
2015-10-01,35,88430,12937.0,0.1462965057
2015-10-01,36,88430,13003.0,0.1470428588
2015-10-01,37,88430,13047.0,0.1475404275
2015-10-01,38,88430,13078.0,0.1478909872
2015-10-01,39,88430,13091.0,0.1480379962
2015-10-01,40,88430,13094.0,0.1480719213
2015-10-01,41,88430,13095.0,0.1480832297
2015-10-01,42,88430,13095.0,0.1480832297
2015-10-01,43,88430,13095.0,0.1480832297
2015-10-01,44,88430,13095.0,0.1480832297
2015-10-01,45,88430,13095.0,0.1480832297
2015-10-01,46,88430,13095.0,0.1480832297
2015-10-01,47,88430,13095.0,0.1480832297
2015-10-01,48,88430,13095.0,0.1480832297
2015-10-01,49,88430,13095.0,0.1480832297
2015-10-01,50,88430,13095.0,0.1480832297
2015-10-01,51,88430,13095.0,0.1480832297
2015-10-01,52,88430,13095.0,0.1480832297
2015-10-01,53,88430,13095.0,0.1480832297
2015-10-01,54,88430,13095.0,0.1480832297
2015-10-01,55,88430,13095.0,0.1480832297
2015-10-01,56,88430,13095.0,0.1480832297
2015-10-01,57,88430,13095.0,0.1480832297
2015-10-01,58,88430,13095.0,0.1480832297
2015-10-01,59,88430,13095.0,0.1480832297
2015-10-01,60,88430,13095.0,0.1480832297
